Studen 0,Deparment 0,2010
Studen 1,Deparment 1,2011
Studen 2,Deparment 2,2012
Studen 3,Deparment 3,2013
Studen 4,Deparment 4,2014
Studen 5,Deparment 5,2015
Studen 6,Deparment 6,2016
Studen 7,Deparment 7,2017
Studen 8,Deparment 8,2018
Studen 9,Deparment 9,2019
Studen 0,Deparment 0,2010
Studen 1,Deparment 1,2011
Studen 2,Deparment 2,2012
Studen 3,Deparment 3,2013
Studen 4,Deparment 4,2014
Studen 5,Deparment 5,2015
Studen 6,Deparment 6,2016
Studen 7,Deparment 7,2017
Studen 8,Deparment 8,2018
Studen 9,Deparment 9,2019
